{
  "files.autoSave": "off",
  "git.enableSmartCommit": true,
  "window.zoomLevel": 0,
  "vetur.format.defaultFormatter.html": "js-beautify-html",
  "vetur.format.defaultFormatter.js": "vscode-typescript",
  "javascript.format.insertSpaceBeforeFunctionParenthesis": true,
  "editor.tabSize": 2,
  "git.confirmSync": false,
  "git.autofetch": true,
  "editor.formatOnSave": true,
  "editor.formatOnType": true,
  "editor.formatOnPaste": true,
  "eslint.autoFixOnSave": true,
  "extensions.ignoreRecommendations": false,
  "workbench.startupEditor": "newUntitledFile",
  "explorer.confirmDelete": false,
  "explorer.confirmDragAndDrop": false,
  "npm.enableScriptExplorer": true,
  "gitlens.advanced.messages": {
    "suppressFileNotUnderSourceControlWarning": true,
    "suppressShowKeyBindingsNotice": true
  },
  "editor.minimap.enabled": false,
  "gitlens.showWhatsNewAfterUpgrades": false,
  "python.pythonPath": "C:\\Python27\\python.exe",
  "window.menuBarVisibility": "default",
  "java.errors.incompleteClasspath.severity": "ignore",
  "workbench.colorTheme": "One Monokai",
  "gitlens.views.fileHistory.enabled": true,
  "gitlens.views.lineHistory.enabled": true,
  "files.trimFinalNewlines": true,
  "files.trimTrailingWhitespace": true,
  "workbench.sideBar.location": "right",
  "files.exclude": {
    "**/.classpath": true,
    "**/.project": true,
    "**/.settings": true,
    "**/.factorypath": true
  },
  "editor.fontSize": 13,
  "editor.suggestSelection": "first",
  "vsintellicode.modify.editor.suggestSelection": "automaticallyOverrodeDefaultValue",
  "terminal.integrated.cursorStyle": "line",
  "terminal.integrated.enableBell": true
}