[
  {
    "key": "f5",
    "command": "mysql.runQuery",
    "when": "editorLangId == 'sql'"
  },
  {
    "key": "ctrl+alt+e",
    "command": "-mysql.runQuery",
    "when": "editorLangId == 'sql'"
  },
  {
    "key": "f5",
    "command": "extension.runQuery",
    "when": "editorTextFocus && editorLangId == 'sql'"
  },
  {
    "key": "ctrl+shift+e",
    "command": "-extension.runQuery",
    "when": "editorTextFocus && editorLangId == 'sql'"
  },
  {
    "key": "ctrl+alt+d ctrl+alt+d",
    "command": "workbench.action.reloadWindow"
  },
  {
    "key": "ctrl+f8",
    "command": "poor-mans-t-sql-formatter.formatSql",
    "when": "editorTextFocus"
  },
  {
    "key": "ctrl+k shift+f",
    "command": "-poor-mans-t-sql-formatter.formatSql",
    "when": "editorTextFocus"
  }
]